N,CPU_time,GPU_time
128,4.000000,0.766976
256,34.000000,0.120864
512,284.000000,0.304800
1024,3726.000000,1.660832
